published_at,category,subcategory,title,author,essential,summary,url,added_at
2012-01-30 00:00:00 UTC,Development,Best Practices,The Twelve-Factor App,Adam Wiggins,TRUE,,http://12factor.net/,2014-08-10 00:00:00 UTC
2012-02-19 00:00:00 UTC,Development,Caching,How key-based cache expiration works,David Heinemeier Hansson,TRUE,,https://signalvnoise.com/posts/3113-how-key-based-cache-expiration-works,2014-08-10 00:00:00 UTC
2014-04-04 17:22:34 UTC,Development,CI & Deployment,The Future Workplace Is Now: How Etsy Makes 30 Innovations Per Day - Forbes,Steve Denning,FALSE,"With an average of 30 innovations to the website deployed each day, we are looking at innovation on steroids. Each of the changes is small, but a small change can be significant, sometimes adding millions of dollars in sales. Doing all this change in tiny increments at warp speed within the framework of a central strategy enables extremely rapid innovation and learning, as well as much greater facility in spotting and fixing any problems that may emerge.",http://www.forbes.com/sites/stevedenning/2014/04/04/at-etsy-the-future-workplace-is-now-thirty-innovations-per-day/,2014-08-03 17:22:34 UTC
2009-12-02 17:22:34 UTC,Development,CI & Deployment,Flipping Out,Ross Harmes,FALSE,"Flickr is somewhat unique in that it uses a code repository with no branches; everything is checked into head, and head is pushed to production several times a day. This works well for bug fixes that we want to go out immediately, but presents a problem when we’re working on a new feature that takes several months to complete. How do we solve that problem? With flags and flippers!",http://code.flickr.net/2009/12/02/flipping-out/,2014-08-03 17:22:34 UTC
2009-02-13 19:03:53 UTC,Development,CI & Deployment,Emergent Properties of Continual Automation,Timothy Fitz,FALSE,"Once a task has been automated to take dramatically less time, a threshold is crossed and at which point you can exploit emergent properties. Or in other words, crazy-ass improvements.",http://timothyfitz.com/2009/02/13/continual-automation/,2014-08-10 00:00:00 UTC
,Development,CI & Deployment,Continuous Integration: Eliminate blind spots so you can build and deliver software more rapidly,Martin Fowler,TRUE,"Continuous Integration (CI) is a development practice that requires developers to integrate code into a shared repository several times a day. Each check-in is then verified by an automated build, allowing teams to detect problems early.",http://www.thoughtworks.com/continuous-integration,2014-08-10 00:00:00 UTC
2010-09-22 19:03:51 UTC,Business,Fundraising,Trends in Pricing and Duration,"Fred Benenson, Yancey Strickler",TRUE,"In the post Craig sampled other popular projects on Kickstarter, and explained how their choices and outcomes affected the way he constructed his project. Craig also offers some advice on optimal pricing and project length to future project creators. We were intrigued and impressed by Craig’s research and conclusions, and we’ve now compiled data from our entire database to see how it holds up. Let’s dig in.",https://www.kickstarter.com/blog/trends-in-pricing-and-duration,2014-08-10 00:00:00 UTC
2010-07-01 19:03:51 UTC,Business,Fundraising,Kickstartup — Successful fundraising with Kickstarter & the (re)making of Art Space Tokyo,Craig Mod,FALSE,"I gathered data for the top 20 to 30 grossing Kickstarter projects as of March 2010. I then mapped out the number of pledges per tier, looking for a balance between number of pledges and overall percentage contribution of funds to my data set. Here is that data with the top five grossing tiers by percentage contribution highlighted in yellow.",http://craigmod.com/journal/kickstartup/,2014-08-10 00:00:00 UTC
2013-08-31 19:03:52 UTC,Development,CSS,Modular CSS naming conventions,John W. Long,FALSE,"So there you have it: a simple set of naming conventions for more modular CSS. Again, for my own method I've borrowed a lot from SMACSS, BEM, and OOCSS. If you're not familiar with any of these approaches they are well worth reading up on. You don't have to do modular CSS the way I do. Some folks prefer to use different types of separators to distiguish between different types of classes. But the core of the approach outlined here is common between the major methodologies.",http://thesassway.com/advanced/modular-css-naming-conventions,2014-08-10 00:00:00 UTC
2014-01-03 19:03:51 UTC,Business,Culture & Values,Culture Code - Asana,Asana,FALSE,"Asana is a group of peers on a bold mission: to help humanity thrive by enabling all teams to work together effortlessly. Learn more about Asana's culture: - How shared core values impact decision making and culture, - How we hire extraordinary people, - How we stay healthy & happy in the office, - How we get things done through Episodes, special weeks, hackathons, and using our product.",http://www.slideshare.net/asana/culture-code-asana-29674527,2014-08-10 00:00:00 UTC
2014-06-27 10:38:31 UTC,Development,Data,Zero downtime database migrations by @jipiboily,Jean-Philippe Boily,FALSE,All developers will at some time or other have to deploy code that changes the structure of a database. You might have downtime during these deploys due to database changes being required by the new code that you just deployed. There are easy ways to work around those downtimes and provide you a real zero downtime deployment process.,https://blog.rainforestqa.com/2014-06-27-zero-downtime-database-migrations/,2014-07-22 10:38:31 UTC
2013-11-04 17:22:34 UTC,Development,Data,"Fast and Flexible Monitoring with StatsD, Graphite and Librato",Joe Stanton,FALSE,"Everyone knows you need data to make decisions. If you’re developing software of any sort, quick access to metrics can enable you to answer important questions like this: Is your app working? If not, which piece of your infrastructure specifically broke? Which areas need performance optimization? Do you need to scale? What was the impact of your recent code deployment? Do your users care? At development time, we can get all of the data we need, we use it for debugging, performance optimization etc. but what good is data if it’s not real-world? Things that should be true in 2013: Pushing your app to production shouldn’t mean a loss of insight. We should be able to measure everything, at all layers of the stack. We should get infrastructure and application monitoring by default. We should be able to visualise that data quickly and easily, so we can use it to solve problems and make informed decisions.",http://red-badger.com/blog/2013/11/04/fast-and-flexible-monitoring-with-statsd-graphite-and-librato/,2014-08-03 17:22:34 UTC
2014-07-10 10:38:31 UTC,Development,Design Patterns,When REST Gets Messy,Brian Cooksey,FALSE,Here is a peek behind the curtains of where REST worked for us and where we had to cheat.,https://zapier.com/engineering/when-rest-gets-messy/,2014-07-22 10:38:31 UTC
2012-07-06 19:03:52 UTC,Development,Experiments,20 lines of code that will beat A/B testing every time,Steve Hanov,FALSE,"This 20 lines of code automatically finds the best choice quickly, and then uses it until it stops being the best choice.",http://stevehanov.ca/blog/index.php?id=132,2014-08-10 00:00:00 UTC
2010-04-18 10:38:31 UTC,Development,Experiments,How Not To Run An A/B Test,Evan Miller,FALSE,"Although they seem powerful and convenient, dashboard views of ongoing A/B experiments invite misuse. Any time they are used in conjunction with a manual or automatic “stopping rule,” the resulting significance tests are simply invalid. Until sequential or Bayesian experiment designs are implemented in software, anyone running web experiments should only run experiments where the sample size has been fixed in advance, and stick to that sample size with near-religious discipline.",http://www.evanmiller.org/how-not-to-run-an-ab-test.html,2014-07-22 10:38:31 UTC
2014-07-10 10:38:31 UTC,Business,Feedback,What Not to Ask,Paul Smith,FALSE,"Let’s go over some common pitfalls and how to avoid them. In the process we’ll figure out what kind of questions will help us identify the information we need [from user interviews], while avoiding questions that lead to inaccurate responses.",http://robots.thoughtbot.com/what-not-to-ask,2014-07-22 10:38:31 UTC
2014-08-01 00:00:00 UTC,Business,Fundraising,The Secret Ingredient to the Best Startup Fundraising Pitches,Tomasz Tunguz,FALSE,"The most successful pitches argue the market will unfold inexorably in the way the founders envision on a relevant time scale. And, that this startup in particular will dominate share in that new world. ... There is no prescriptive way I can recommend to consistently argue inevitability. Some founders use data. Others use logic. Still others use emotion and passion to do it. But in the end, these exceptional storytellers make you want to believe, suspend doubt, and disregard the great risks that all startups face all along their journey, and get involved with the business.",http://tomtunguz.com/inevitability/,2014-08-10 00:00:00 UTC
2014-03-31 17:22:35 UTC,Business,Fundraising,Exploring the Series B Crunch,Danielle Morrill,FALSE,"In this analysis, I examined firms whose portfolio companies have raised new Series B funding in the past 2 years. I also looked at the full range of Series B candidates within the portfolio (companies who have raised a Series A within the past 2 years), to understand what percentage of Series A bets have progressed to the next round.",https://medium.com/@DanielleMorrill/exploring-the-series-b-crunch-3e71ae1fd19,2014-08-03 17:22:35 UTC
2013-09-01 19:03:52 UTC,Business,Fundraising,How to Raise Money,Paul Graham,TRUE,"Don't raise money unless you want it and it wants you., ""Be in fundraising mode or not."", ""Get introductions to investors."", ""Hear no till you hear yes."", ""Do breadth-first search weighted by expected value."", ""Know where you stand."", ""Get the first commitment."", ""Close committed money."", ""Avoid investors who don't 'lead.'"", ""Have multiple plans."", ""Underestimate how much you want."", ""Be profitable if you can."", ""Don't optimize for valuation."", ""Yes/no before valuation."", ""Beware 'valuation sensitive' investors."", ""Accept offers greedily."", ""Don't sell more than 25% in phase 2."", ""Have one person handle fundraising."", ""You'll need an executive summary and (maybe) a deck."", ""Stop fundraising when it stops working."", ""Don't get addicted to fundraising."", ""Don't raise too much."", ""Be nice."", ""The bar will be higher next time."", ""Don't make things complicated.""",http://www.paulgraham.com/fr.html,2014-08-10 00:00:00 UTC
2013-08-01 19:03:52 UTC,Business,Fundraising,How to Convince Investors,Paul Graham,TRUE,"So here's the recipe for impressing investors when you're not already good at seeming formidable: Make something worth investing in. Understand why it's worth investing in. Explain that clearly to investors. If you're saying something you know is true, you'll seem confident when you're saying it. Conversely, never let pitching draw you into bullshitting. As long as you stay on the territory of truth, you're strong. Make the truth good, then just tell it.",http://www.paulgraham.com/convince.html,2014-08-10 00:00:00 UTC
2013-03-29 00:00:00 UTC,Business,Fundraising,The 7 Questions A Startup Should Answer In Their Fund Raising Pitch,Tomasz Tunguz,FALSE,"[Value prop] What is the problem and is it worth solving? Why is now the right time to solve it?  [Team] Does the team have the vision and the wherewithal to build this company?  [Go to market] What is the competitive angle (competitive barrier to entry and/or go-to-market) that will enable this company to succeed where others have tried and failed?  [Sales effectiveness & product validation] Who does the startup sell to? Which customers have used the product and how have they received it? How much is each customer worth?  [Product distribution] How does the company acquire customers cost effectively? What are the unit economics (customer acquisition cost, contribution revenue, and churn rates)?  [Revenue model] Does the company have the revenue model to build a big (>$100M annual revenue) business with good margins (gross ~ 50 to 60% / net ~15 to 25%) under reasonable assumptions?  [Market size] Can the market enable or bear a $100M revenue Alternatively, is this product in a quickly growing market or riding a disruptive wave?",http://tomtunguz.com/pitch-deck/,2014-08-10 00:00:00 UTC
2013-03-28 00:00:00 UTC,Business,Fundraising,The 11 Risks VCs Evaluate,Tomasz Tunguz,FALSE,"Market timing risk, Business model risk, Market adoption risk, Market size risk, Execution risk, Technology risk, Capitalization structure risk, Platform risk, Venture management risk, Financial ris, Legal risk",http://tomtunguz.com/the-11-risks-vcs-evaluate/,2014-08-10 00:00:00 UTC
2012-05-04 19:03:50 UTC,Business,General,Peter Thiel’s CS183: Startup - Class 9 Notes Essay,Blake Masters,TRUE,"The first thing to do is to dispel the belief that the best product always wins. There is a rich history of instances where the best product did not, in fact, win. Nikola Tesla invented the alternating current electrical supply system. It was, for a variety of reasons, technologically better than the direct current system that Thomas Edison developed. Tesla was the better scientist. But Edison was the better businessman, and he went on to start GE. Interestingly, Tesla later developed the idea of radio transmission. But Marconi took it from him and then won the Nobel Prize. Inspiration isn’t all that counts. The best product may not win.",http://blakemasters.com/post/22405055017/peter-thiels-cs183-startup-class-9-notes-essay,2014-08-10 00:00:00 UTC
2009-02-01 19:03:50 UTC,Business,General,Startups in 13 Sentences,Paul Graham,TRUE,1. Pick good cofounders. 2. Launch fast. 3. Let your idea evolve. 4. Understand your users. 5. Better to make a few users love you than a lot ambivalent. 6. Offer surprisingly good customer service. 7. You make what you measure. 8. Spend little. 9. Get ramen profitable. 10. Avoid distractions. 11. Don't get demoralized. 12. Don't give up. 13. Deals fall through.,http://www.paulgraham.com/13sentences.html,2014-08-10 00:00:00 UTC
2008-02-01 19:03:50 UTC,Business,General,Six Principles for Making New Things,Paul Graham,TRUE,"Here it is: I like to find (a) simple solutions (b) to overlooked problems (c) that actually need to be solved, and (d) deliver them as informally as possible, (e) starting with a very crude version 1, then (f) iterating rapidly.",http://www.paulgraham.com/newthings.html,2014-08-10 00:00:00 UTC
2007-06-18 19:03:50 UTC,Business,General,The Pmarca Guide To Startups,Marc Andreessen,TRUE,In this series of posts I will walk through some of my accumulated knowledge and experience in building high-tech startups.,http://pmarchive.com/guide_to_startups_part1.html,2014-08-10 00:00:00 UTC
2006-04-01 19:03:50 UTC,Business,General,The Hardest Lessons for Startups to Learn,Paul Graham,TRUE,1. Release Early. 2. Keep Pumping Out Features. 3. Make Users Happy. 4. Fear the Right Things. 5. Commitment Is a Self-Fulfilling Prophecy. 6. There Is Always Room. 7. Don't Get Your Hopes Up.,http://www.paulgraham.com/startuplessons.html,2014-08-10 00:00:00 UTC
2014-02-02 00:00:00 UTC,Personal,Growth,How to Change Oneself,Simon Sarris,FALSE,,http://simonsarris.com/blog/823-how-to-change-oneself,2014-08-10 00:00:00 UTC
2014-07-29 17:22:34 UTC,Business,Growth,Product Hunt is Everywhere - This is How It Got There,First Round Capital,FALSE,"If I hadn’t been blogging and active on Twitter, I think it would have taken way longer for Product Hunt to become what it is right now. So my advice is to start early. If you want people to listen to you eventually, you have to build trust over time.'",http://firstround.com/article/Product-Hunt-is-Everywhere-This-is-How-It-Got-There,2014-08-03 17:22:34 UTC
2014-03-24 10:38:32 UTC,Business,Growth,How We Doubled Our Conversion Rate,Bernie Yoo,FALSE,"We started A/B testing a new variant on pricing, one that was more complicated and required more work from the user. But, we thought it might be more intuitive as well. It threw out the idea of setting a single overall clothing budget, which might look cleaner and more like a typical web app, but was actually confusing and stalling users.",http://500.co/how-we-doubled-our-conversion-rate-bombfell,2014-07-22 10:38:32 UTC
2013-04-16 19:03:50 UTC,Business,Growth,Presentation: The Ultimate Guide to Funnel Optimization,Sean Johnson,TRUE,Discover how smart startups are optimizing each step of the customer development funnel.,http://www.sean-johnson.com/ultimate-guide-to-funnel-optimization/,2014-08-10 00:00:00 UTC
2012-09-01 19:03:50 UTC,Business,Growth,Startup = Growth,Paul Graham,TRUE,"A startup is a company designed to grow fast. Being newly founded does not in itself make a company a startup. Nor is it necessary for a startup to work on technology, or take venture funding, or have some sort of 'exit.' The only essential thing is growth. Everything else we associate with startups follows from growth.",http://www.paulgraham.com/growth.html,2014-08-10 00:00:00 UTC
2014-01-26 00:00:00 UTC,Personal,Information,Why you should read 100 books,Jason Evanish,FALSE,,http://jasonevanish.com/2014/01/26/why-you-should-read-100-books/,2014-08-10 00:00:00 UTC
2014-07-30 17:22:34 UTC,Business,Inspiration,Paul Buchheit: The Technology,Paul Buchheit,FALSE,"It's often assumed that business is all about money, but to me that's like saying that rockets are all about rocket fuel. On some level it's true. You won't even make it off the launch pad without fuel. But that myopic view misses out on the larger purpose and mission of the machine. Certainly some businesses really are about nothing more than making money, but among the truly significant founders I've known, there's always a larger purpose. It's not just a nihilistic pursuit of rocket fuel.",http://paulbuchheit.blogspot.jp/2014/07/the-technology.html,2014-08-03 17:22:34 UTC
,Development,Javascript,bolshchikov/js-must-watch,Sergey Bolshchikov,FALSE,This is a list of must-watch videos devoted to JavaScript,https://github.com/bolshchikov/js-must-watch,2014-07-22 10:38:31 UTC
2014-06-30 17:22:34 UTC,Business,Leadership & Management,"LinkedIn Speaker Series: Jeff Weiner, Reid Hoffman and Ben Casnocha","Jeff Weiner, Reid Hoffman, Ben Casnocha",FALSE,"LinkedIn's co-founder/chairman, Reid Hoffman, has written a new book with Ben Casnocha and Chris Yeh: The Alliance: Managing Talent in the Networked Age.",https://www.youtube.com/watch?v=kQJf7W88HDs,2014-08-03 17:22:34 UTC
2014-01-30 19:03:52 UTC,Business,Leadership & Management,Asana’s Justin Rosenstein on the One Quality Every Startup Needs to Survive,First Round Capital,FALSE,"If people don’t have true clarity around what they're doing and how it fits into their organization, they’re bound to duplicate efforts, deflate morale, spend hours on unimportant tasks, and more. To combat this problem, Rosenstein says, leaders need to prioritize clarity in everything they do in this order: Clarity of purpose; clarity of plan; and clarity of responsibility. If you can marry these three qualities, you can achieve organizational fluidity that will get the most out of your resources.",http://firstround.com/article/Asanas-Justin-Rosenstein-on-the-One-Quality-Every-Startup-Needs-to-Survive,2014-08-10 00:00:00 UTC
2013-09-17 19:03:51 UTC,Business,Leadership & Management,Goldilocks Management,Dustin Moskovitz,FALSE,"The limits of a completely flat approach, as conceded by Valve, reveal the mental trap that is causing startups to reject management. With the reference to the military at the beginning, Valve makes it clear that they see management solely through the lens of command and control hierarchies: it’s there to establish bureaucracy in the name of consistency and order. This can be true, but need not be, and definitely should not be the only role that management plays. Instead, I think the most important value of a manager is to serve their reports: to unblock them, mentor them, and keep them pointed in a direction that best serves their needs and the priorities of the organization.",https://medium.com/@moskov/goldilocks-management-c01c6846e06e,2014-08-10 00:00:00 UTC
2013-03-04 19:03:51 UTC,Business,Leadership & Management,How Amazon achieves excellence at scale,Chris DeVore,TRUE,"1. Customer Obsession, 2. Ownership, 3. Invent and Simplify, 4. Are Right, A Lot, 5. Hire and Develop the Best, 6. Insist on the Highest Standards, 7. Think Big, 8. Bias for Action, 9. Frugality, 10. Vocally Self Critical, 11. Earn Trust of Others, 12. Dive Deep, 13. Have Backbone; Disagree and Commit, 14. Deliver Results",http://www.crashdev.com/2013/03/how-amazon-achieves-excellence-at-scale.html,2014-08-10 00:00:00 UTC
2010-03-14 19:03:51 UTC,Business,Leadership & Management,"Notes on Leadership: Be Like Steve Jobs, ... And Bill Campbell, And Andy Grove",Ben Horowitz,FALSE,"So what makes people want to follow a leader? We look for 3 key traits: The ability to articulate the vision, The right kind of ambition, The ability to achieve the vision",http://techcrunch.com/2010/03/14/notes-on-leadership-jobs-grove-campbel/,2014-08-10 00:00:00 UTC
2010-03-01 19:03:50 UTC,Business,Lean Startup,Bootstrapping a Lean Startup,Ash Maurya,FALSE,"At every stage of the startup, there are a set of actions that are “right” for the startup, in that they maximize return on time, money, and effort. A lean/bootstrapped entrepreneur ignores all else.",http://practicetrumpstheory.com/2010/03/bootstrapping-a-lean-startup/,2014-08-10 00:00:00 UTC
,Business,Lessons Learned,Building of StackLead,Gordon Wintrob,FALSE,"We have two key takeaways from our experiences with founding StackLead. First, find other passionate founders to serve as your customers. [...] Second, launch early, but don't optimize early. Our first product was simply copying info we found online about new signups into an email template. Once our first customers validated this problem, we began building a scalable, automated system.",http://buildingof.com/stories/building-of-stacklead.html,2014-07-22 10:38:31 UTC
2014-07-22 17:22:34 UTC,Business,Market & Research,Sunny Whether: Two Types of Forecasting Models for Running Your Startup,Hunter Walk,FALSE,"Well, if you’re pre-product/market fit, over-optimizing for 'hitting your numbers' can be a false positive if it creates an 'up and to the right' graph that actually builds upon the wrong learnings, or masks leaky bucket of customer attrition.",http://hunterwalk.com/2014/07/22/sunny-whether-two-types-of-forecasting-models-for-running-your-startup/,2014-08-03 17:22:34 UTC
2014-07-11 10:38:31 UTC,Business,Market & Research,How to Miss By a Mile: An Alternative Look at Uber’s Potential Market Size,Bill Gurley,FALSE,"So here is the objective of this post. It is not my aim to specifically convince anyone that Uber is worth any specific valuation. What Professor Damodaran thinks, or what anyone who is not a buyer or seller of stocks thinks, is fairly immaterial. I am also not out to prove him wrong. I am much more interested in the subject of critical reasoning and predictions, and how certain assumptions can lead to gravely different outcomes. As such, my goal is to offer a plausible argument that the core assumptions used in Damodaran’s analysis may be off by a factor of 25 times, perhaps even more. And I hope the analysis is judged on whether the arguments I make are reasonable and feasible.",http://abovethecrowd.com/2014/07/11/how-to-miss-by-a-mile-an-alternative-look-at-ubers-potential-market-size/,2014-07-22 10:38:31 UTC
2010-02-26 19:03:51 UTC,Business,Market & Research,The Secrets of Market Sizing,Brekiri,FALSE,"Like forecasts, market size estimates should most often be considered directional (consulting speak for 'in the right ballpark'). You should also keep this point in mind when consuming market size information – the market size numbers you read in the news or market research reports are probably only accurate within 10-20% in many cases.  One of the best ways to ensure that you get at least a sensible result is to triangulate between different approaches: top-down and bottom-up estimates.",http://www.brekiri.com/blog/77/the-secrets-of-market-sizing/,2014-08-10 00:00:00 UTC
2011-03-18 17:22:34 UTC,Development,Metrics & Analytics,Metrics-Driven Engineering at Etsy,Mike Brittain,FALSE,"Logs, Graphs, Trends, and Correlations. Making Decisions. How many visitors are using this thing? Can we deploy that to100% of our visitors? Did we make it faster? Did I just break something?",http://www.slideshare.net/mikebrittain/metrics-driven-engineering-at-etsy,2014-08-03 17:22:34 UTC
2010-12-08 17:22:33 UTC,Development,Metrics & Analytics,Tracking Every Release,Mike Brittain,FALSE,Automated tracking of code deploys is essential for teams who practice Continuous Deployment. Monitoring every aspect of your server and network architecture helps detect when something has gone awry. Correlating the times of each and every code deploy helps to quickly identify human-triggered problems and greatly cut down on your time to resolve them.,http://codeascraft.com/2010/12/08/track-every-release/,2014-08-03 17:22:33 UTC
2014-07-10 10:38:30 UTC,Business,Metrics & Analytics,Tom Blomfield ― Customer churn can kill your startup,Tom Blomfield,FALSE,"Startups are about growth, and of all the different possible metrics, startups often focus on user growth - if people aren’t using your new product or service in greater and greater numbers, it’s a good sign that you’re not on the right track. And, as long as your business-model is solid, user growth is a leading indicator of revenue and profit growth. But there’s another key metric that can be the making of your company, or the death of it - churn, or the proportion of existing customers who become ex-customers during a period of time (generally a year).",http://tomblomfield.com/post/81105143223/customer-churn-can-kill-your-startup,2014-07-22 10:38:30 UTC
2013-04-08 17:22:34 UTC,Business,Metrics & Analytics,The Lean Analytics Cycle: Metrics > Hypothesis > Experiment > Act,Avinash Kaushik,FALSE,"To win in business you need to follow this process: Metrics > Hypothesis > Experiment > Act. Online, offline or nonline.",http://www.kaushik.net/avinash/lean-analytics-cycle-metrics-hypothesis-experiment-act/,2014-08-03 17:22:34 UTC
2012-09-04 17:22:34 UTC,Business,Metrics & Analytics,The Dangerous Seduction of the Lifetime Value (LTV) Formula,Bill Gurley,FALSE,"Some people wield the LTV model as if they were Yoda with a light saber; “Look at this amazing weapon I know how to use!” Unfortunately, it is not that amazing, it’s not that unique to understand, and it is not a weapon, it’s a tool. Companies need a sustainable competitive advantage that is independent of their variable marketing campaigns. You can’t win a fight with a measuring tape.",http://abovethecrowd.com/2012/09/04/the-dangerous-seduction-of-the-lifetime-value-ltv-formula/,2014-08-03 17:22:34 UTC
2007-08-08 17:22:34 UTC,Business,Metrics & Analytics,Startup Metrics for Pirates,Dave McClure,TRUE,"This is a 5-step model for creating a metrics framework for your business & customers, and how to apply it to your product & marketing efforts. The pirate"" part comes from the 5 steps: Acquisition, Activation, Retention, Referral, & Revenue (AARRR!)'""",http://www.slideshare.net/dmc500hats/startup-metrics-for-pirates-long-version,2014-08-03 17:22:34 UTC
2014-07-08 10:38:31 UTC,Business,Mistakes & Failure,Beware the ‘Edifice Complex’ ― and 9 Other Ways to Damage a High-Growth Startup,Marc Andreessen,FALSE,Here are 10 ways to damage your fast-growing tech startup– and hurt the perception of Silicon Valley in the process. None of these are specific to any one company; they’re general patterns we’ve observed across multiple cycles of tech startups.,http://a16z.com/2014/07/08/beware-the-edifice-complex-and-9-other-ways-to-damage-your-high-growth-startup/,2014-07-22 10:38:31 UTC
2014-01-20 19:03:52 UTC,Business,Mistakes & Failure,76 Startup Failure Post-Mortems,CB Insights,FALSE,"[B]elow is a compilation of 51 startup post-mortems that describe the factors that drove a startup’s demise.  Most of the failures have been told by the company’s founders, but in a few cases, we did find a couple from investors including Roger Ehrenberg (now of IA Ventures) and Bruce Booth (Atlas Venture).",http://www.cbinsights.com/blog/startup-failure-post-mortem,2014-08-10 00:00:00 UTC
2006-10-01 19:03:52 UTC,Business,Mistakes & Failure,The 18 Mistakes That Kill Startups,Paul Graham,TRUE,"1. Single Founder, 2. Bad Location, 3. Marginal Niche, 4. Derivative Idea, 5. Obstinacy, 6. Hiring Bad Programmers, 7. Choosing the Wrong Platform, 8. Slowness in Launching, 9. Launching Too Early, 10. Having No Specific User in Mind, 11. Raising Too Little Money, 12. Spending Too Much, 13. Raising Too Much Money, 14. Poor Investor Management, 15. Sacrificing Users to (Supposed) Profit, 16. Not Wanting to Get Your Hands Dirty, 17. Fights Between Founders, 18. A Half-Hearted Effort",http://www.paulgraham.com/startupmistakes.html,2014-08-10 00:00:00 UTC
2009-06-25 17:22:34 UTC,Development,Ops & Devops,10+ Deploys Per Day: Dev and Ops Cooperation at Flickr,O'Reilly,FALSE,John Allspaw (Flickr/Yahoo!) and Paul Hammond (Flickr). 10+ Deploys Per Day: Dev and Ops Cooperation at Flickr,https://www.youtube.com/watch?v=LdOe18KhtT4,2014-08-03 17:22:34 UTC
2014-07-22 10:38:30 UTC,Business,Planning & Strategy,How to Ruin Your Company with One Bad Process,Ben Horowitz,FALSE,"I am a giant advocate for technical founders running their own companies, but one consistent way that technical founders deeply harm their businesses is by screwing up the budgeting process. Yes, the budgeting process. How ridiculous is that? How does it happen and why is it particularly problematic for engineers?",http://www.bhorowitz.com/how_to_ruin_your_company_with_one_bad_process,2014-07-22 10:38:30 UTC
2013-08-04 19:03:52 UTC,Business,Planning & Strategy,The idea maze,Chris Dixon,FALSE,"But the reality is that ideas do matter, just not in the narrow sense in which startup ideas are popularly defined. Good startup ideas are well developed, multi-year plans that contemplate many possible paths according to how the world changes. Balaji Srinivasan calls this the idea maze",http://cdixon.org/2013/08/04/the-idea-maze/,2014-08-10 00:00:00 UTC
2014-03-04 00:00:00 UTC,Development,Process & Methodology,Agile Is Dead (Long Live Agility),Dave Thomas,FALSE,,http://pragdave.me/blog/2014/03/04/time-to-kill-agile/,2014-08-10 00:00:00 UTC
2014-01-20 10:38:30 UTC,Development,Process & Methodology,"So Long Scrum, Hello Kanban - Stormpath User Management API",Alex Salazar,FALSE,"Kanban’s power comes from its focus on getting fewer items out faster through work in progress limits. Like anything, it’s not perfect and it may not be right for everyone in every situation but ultimately, we ended up with a happy team, higher productivity, less tension between the business and engineering, higher quality software, and A LOT less overhead.",https://stormpath.com/blog/so-long-scrum-hello-kanban/,2014-07-22 10:38:30 UTC
2013-10-14 19:03:49 UTC,Business,Product/Market Fit,Zero to Product/Market Fit (Presentation),Andrew Chen,TRUE,"A few months ago, I spoke to a group of entrepreneurs at Stanford whose seed stage companies were still struggling to get product/market fit. I wrote down a few thoughts on the topic and turned it into slides. It’s really an extended version of this essay from 2011, but incorporates some newer thinking based on stuff I’ve learned in the meantime.",http://andrewchen.co/2013/10/14/zero-to-productmarket-fit-presentation/,2014-08-10 00:00:00 UTC
2009-11-01 19:03:50 UTC,Business,Product/Market Fit,The First Thing That Matters: Product/Market Fit,Ash Maurya,FALSE,"While I completely agree that achieving product/market fit is the necessary prerequisite to kicking into growth mode, I believe some level of preliminary landing page and positioning testing is absolutely required towards achieving product/market fit. After our call, I re-read both Steve Blank’s and Sean Ellis’ views on this and think they would agree too. Although I think Steve has a stricter definition of what achieving Product/Market fit looks like than Sean.",http://practicetrumpstheory.com/2009/11/achievingproductmarketfit/,2014-08-10 00:00:00 UTC
2009-07-27 19:03:50 UTC,Business,Product/Market Fit,The Startup Pyramid,Sean Ellis,TRUE,Every six months I rethink the optimal startup go to market approach based on new insights gained at recent startups. Lately I’ve been using a pyramid to represent the process I’m using. Startups require a solid foundation of product/market fit before progressing up the pyramid and scaling the business.,http://www.startup-marketing.com/the-startup-pyramid/,2014-08-10 00:00:00 UTC
2009-06-15 19:03:50 UTC,Business,Product/Market Fit,Why you should make it easy for users to quit your product,Andrew Chen,FALSE,"My central argument is that if you believe that every startup is an iterative learning process that converges towards product/market fit, then you need extremely high-fidelity signals to tell you if you’re going in the right direction. That means that along with trying to charge people money from early on, which is the highest form of “I love this!” you should give people valves to tell you “I hate this!” so that you can learn more faster.",http://andrewchen.co/2009/06/15/why-you-should-make-it-easy-for-users-to-quit-your-product/,2014-08-10 00:00:00 UTC
2007-06-25 19:03:50 UTC,Business,Product/Market Fit,"The Pmarca Guide To Startups, Part 4: The only thing that matters",Marc Andreessen,TRUE,"I believe that the life of any startup can be divided into two parts: before product/market fit (call this 'BPMF') and after product/market fit ('APMF'). When you are BPMF, focus obsessively on getting to product/market fit.",http://pmarchive.com/guide_to_startups_part4.html,2014-08-10 00:00:00 UTC
2012-01-24 10:38:30 UTC,Development,Productivity,A study on unplanned interruptions in software development,Arshad Hossain,FALSE,Interruption is part of work. Nobody can expect to lock himself away and work alone interruption free. So there needs to be a collective effort and awareness to curb the common unplanned interruption.,http://novicearshad.wordpress.com/2012/01/24/unplanned-interruptions-in-software-development/,2014-07-22 10:38:30 UTC
2014-07-23 17:22:34 UTC,Personal,Productivity,How to Become a Productivity Superstar: 7 Tips,John Brandon,FALSE,1. Do the hardest tasks first. 2. Offer to help the most productive co-workers. 3. Finish what you start. 4. Stop working on something when you reach a dead end. 5. Resist the urge to call for help early. 6. Ignore office chatter. 7. Watch the squirrel moments.,http://www.inc.com/john-brandon/how-to-become-a-productivity-superstar-7-tips.html,2014-08-03 17:22:34 UTC
2007-06-04 00:00:00 UTC,Personal,Productivity,Pmarca Guide to Personal Productivity,Marc Andreessen,TRUE,,http://pmarchive.com/guide_to_personal_productivity.html,2014-08-10 00:00:00 UTC
2004-05-03 00:00:00 UTC,Personal,Qualities,Transparency,Fred Wilson,FALSE,,http://avc.com/2004/05/transparency-2/,2014-08-10 00:00:00 UTC
2014-07-10 10:38:31 UTC,Development,Rails,Diving in Rails - The request handling,Adrien Siami,FALSE,"Today I’ll speak about how Rails handles requests, its relation to rack and more globally what is happening when you submit a request to a HTTP server backed by a Rails application.",http://blog.siami.fr/diving-in-rails-the-request-handling,2014-07-22 10:38:31 UTC
2014-07-16 17:22:33 UTC,Business,Recruiting & Employment,The Talent Hacker's Manifesto,Matt Buckland,FALSE,"In Nick's original article I was quoted as saying that “Hiring is still waterfall in an agile world”. What I meant by that is that a traditional hiring process is slavish in adherence to accepted dogma. A job description is produced, it's disseminated through advertising channels, resultant applications are pushed through a pre-defined process and those lucky enough to have impressed will be hired. In this process, there is no feedback, no learning and no space for creativity...worst of all there is no scope to delight the candidates.""""",https://www.linkedin.com/today/post/article/20140716132910-4336757-the-talent-hacker-s-manifesto?trk=object-title&_mSplash=1,2014-08-03 17:22:33 UTC
2014-06-20 17:22:33 UTC,Business,Recruiting & Employment,Say hello to the talent hacker,Nick Marsh,FALSE,I want to introduce a new concept — ‘talent hacking’. I define this as the creative application of technology and data to the problem of building new teams.,https://medium.com/makeshift-studios/say-hello-to-the-talent-hacker-c8ae87db4a58,2014-08-03 17:22:33 UTC
,Development,Ruby,Why's (Poignant) Guide to Ruby,Why the Lucky Stiff,TRUE,A programming adventure for Ruby beginners illustrated with cartoon foxes.,http://mislav.uniqpath.com/poignant-guide/,2014-08-10 00:00:00 UTC
,Development,Security,OWASP Cheatsheets,OWASP,TRUE,Handy Web Application Security Cheatsheets,https://www.owasp.org/index.php/Category:Cheatsheets,2014-08-10 00:00:00 UTC
,Business,SEO,Google Search Engine Optimization Starter Guide,Google,TRUE,"This document first began as an effort to help teams within Google, but we thought it'd be just as useful to webmasters that are new to the topic of search engine optimization and wish to improve their sites' interaction with both users and search engines. Although this guide won't tell you any secrets that'll automatically rank your site first for queries in Google (sorry!), following the best practices outlined below will make it easier for search engines to crawl, index and understand your content.",http://static.googleusercontent.com/media/www.google.com/en//webmasters/docs/search-engine-optimization-starter-guide.pdf,2014-08-10 00:00:00 UTC
,Business,SEO,The Beginners Guide to SEO,MOZ,FALSE,New to SEO? Need to polish up your knowledge? The Beginner's Guide to SEO has been read over 1 million times and provides comprehensive information you need to get on the road to professional quality SEO.,http://moz.com/beginners-guide-to-seo,2014-08-10 00:00:00 UTC
2013-03-18,Business,Social,Measuring Dark Social Using Google Analytics,Tomasz Tunguz,FALSE,,http://tomtunguz.com/dark-social-on-google-analytics/,2014-08-10 00:00:00 UTC
2014-02-28 00:00:00 UTC,Development,Source Control,Git cheatsheet,GitHub,TRUE,,https://help.github.com/articles/git-cheatsheet,2014-08-10 00:00:00 UTC
2012-01-09 00:00:00 UTC,Development,Source Control,git - the simple guide,Roger Dudler,FALSE,,http://rogerdudler.github.io/git-guide/,2014-08-10 00:00:00 UTC
2011-09-01 00:00:00 UTC,Development,Source Control,Git Is Simpler Than You Think,Nick Farina,FALSE,,http://nfarina.com/post/9868516270/git-is-simpler,2014-08-10 00:00:00 UTC
2011-08-31 00:00:00 UTC,Development,Source Control,GitHub Flow,Scott Chacon,TRUE,,http://scottchacon.com/2011/08/31/github-flow.html,2014-08-10 00:00:00 UTC
2010-01-05 00:00:00 UTC,Development,Source Control,A successful Git branching model,Vincent Driessen,TRUE,,http://nvie.com/posts/a-successful-git-branching-model/,2014-08-10 00:00:00 UTC
2010-01-01 00:00:00 UTC,Development,Source Control,A Visual Git Reference,Mark Lodato,FALSE,,http://marklodato.github.io/visual-git-guide/index-en.html,2014-08-10 00:00:00 UTC
,Development,Source Control,Think Like (a) Git,Sam Livingston-Gray,FALSE,,http://think-like-a-git.net/,2014-08-10 00:00:00 UTC
,Development,Source Control,Pro Git,Scott Chacon,FALSE,,http://git-scm.com/book,2014-08-10 00:00:00 UTC
2014-05-09 19:03:53 UTC,Development,Testing,Is TDD Dead?,"Kent Beck, David Heinemeier Hansson, Martin Fowler",FALSE,"A series of conversations between Kent Beck, David Heinemeier Hansson, and [Martin Fowler] on the topic of Test-Driven Development (TDD) and its impact upon software design.",http://martinfowler.com/articles/is-tdd-dead/,2014-08-10 00:00:00 UTC
2014-04-29 19:03:54 UTC,Development,Testing,Test-induced design damage,David Heinemeier Hansson,FALSE,"The design integrity of your system is far more important than being able to test it any particular layer. Stop obsessing about unit tests, embrace backfilling of tests when you're happy with the design, and strive for overall system clarity as your principle pursuit.",http://david.heinemeierhansson.com/2014/test-induced-design-damage.html,2014-08-10 00:00:00 UTC
2014-04-23 19:03:53 UTC,Development,Testing,TDD is dead. Long live testing.,David Heinemeier Hansson,FALSE,"Test-first fundamentalism is like abstinence-only sex ed: An unrealistic, ineffective morality campaign for self-loathing and shaming.",http://david.heinemeierhansson.com/2014/tdd-is-dead-long-live-testing.html,2014-08-10 00:00:00 UTC
,Development,Testing,Better Specs: RSpec Guidelines With Ruby,Andrea Reginato,TRUE,"RSpec is a great tool in the behavior-driven development (BDD) process of writing human readable specifications that direct and validate the development of your application. On the web there are many resources that give complete overview of _what_ you can do with RSpec. But there are fewer resources devoted to how to create a great RSpec test suite. Better Specs tries to fill this gap by collecting most of the best practices"" that other developers learn through years of experience.""",http://betterspecs.org/,2014-08-10 00:00:00 UTC
2014-01-23 19:03:51 UTC,Business,Trends & Spaces,Reading the Tea Leaves of Venture Capital Today: 10 themes tech VCs are paying attention to,Boris Silver,FALSE,"1. Drones, 2. Bitcoin, 3. Wearables, 4. Big Data, 5. Crowdfunding, 6. Quantified Self, 7. 3D Printing, 8. The Internet of Things, 9. Mobile, 10. Virtual Reality",https://medium.com/private-markets/reading-the-tea-leaves-of-venture-capital-today-2524a453d9bc,2014-08-10 00:00:00 UTC
2014-07-08 10:38:31 UTC,Development,"UX, UI, & Design",Design Tips For Developers,Saleem El-Amin,FALSE,Here’s a list of things that I think are important to becoming good at design when all you have is development background,http://www.duetapp.com/blog/design-tips-for-developers/,2014-07-22 10:38:31 UTC
2014-07-04 00:00:00 UTC,Development,"UX, UI, & Design",Good UI,Jakub Linowski,TRUE,,http://goodui.org/,2014-08-10 00:00:00 UTC
2014-04-08 00:00:00 UTC,Development,"UX, UI, & Design",Creating Style Guides,Susan Robertson,FALSE,,http://alistapart.com/article/creating-style-guides,2014-08-10 00:00:00 UTC
2009-09-24 00:00:00 UTC,Development,"UX, UI, & Design",10 Useful Usability Findings and Guidelines,Dmitry Fadeyev,FALSE,,http://www.smashingmagazine.com/2009/09/24/10-useful-usability-findings-and-guidelines/,2014-08-10 00:00:00 UTC
2009-07-07 00:00:00 UTC,Development,"UX, UI, & Design",Designing for the Non-Designer – Part I The Basics,NuRelm,FALSE,,http://www.nurelm.com/themanual/2009/07/07/designing-for-the-non-designer-part-i-the-basics/,2014-08-10 00:00:00 UTC
2009-12-29,Development,"UX, UI, & Design",OmniGraffle Wireflows,Linowski,FALSE,,http://wireframes.linowski.ca/2009/12/omnigraffle-wireflows/,2014-08-10 00:00:00 UTC
,Development,"UX, UI, & Design",Beautiful Web Type: A showcase of the best typefaces from the Google web fonts directory,Chad Mazzola,FALSE,,http://hellohappy.org/beautiful-web-type/,2014-08-10 00:00:00 UTC
,Development,"UX, UI, & Design",Colourcode - Find Your Colour Scheme,"Tamino Martinius, Andreas Storm",FALSE,,http://colourco.de/,2014-08-10 00:00:00 UTC
2014-07-24 17:22:34 UTC,Business,Venture Capital,The Pro-Rata Opportunity,Fred Wilson,FALSE,Capturing pro-rata' is sooooo important in early stage venture. You make 20 investments in a fund. One is going to return the entire fund. Two more are going to return it again. A few more are going to have strong outcomes and return it again. The rest are noise when it comes to fund returns (but you better not treat them like noise).,http://avc.com/2014/07/the-pro-rata-opportunity/,2014-08-03 17:22:34 UTC
2014-07-23 17:22:34 UTC,Business,Venture Capital,The Changing Structure of the VC Industry,Mark Suster,FALSE,"Cheap, mobile, social, global, always-on, one-click-purchase = Unprecedented revenue growth + companies staying private longer = More opportunities than ever in history for venture capital firms = Lots of new, non-traditional entrants moving to capture this value = Amazing opportunities + Risks + Uncertainties for the coming decade for entrepreneurs, VCs and LPs.",https://medium.com/@msuster/the-changing-structure-of-the-vc-industry-84be1fdf73a2,2014-08-03 17:22:34 UTC
,Business,Venture Capital,A Dozen Things I’ve Learned From Marc Andreessen,,FALSE,"My primary task with this blog post has been assembling the quotations and placing them in an order which flows well, since understanding the earlier topics helps the reader understand ideas which come later in the list",http://25iq.com/2014/06/14/a-dozen-things-ive-learned-from-marc-andreessen/,2014-07-07 17:41:46 UTC
2011-09-09 00:00:00 UTC,Development,Vim,Vim Cheat Sheat for Programmers,Michael Pohoreski,TRUE,,http://michael.peopleofhonoronly.com/vim/,2014-08-10 00:00:00 UTC
2011-08-29 00:00:00 UTC,Development,Vim,Learn Vim Progressively,Yann Esposito,FALSE,,http://yannesposito.com/Scratch/en/blog/Learn-Vim-Progressively/,2014-08-10 00:00:00 UTC
2010-07-29 00:00:00 UTC,Development,Vim,Everyone Who Tried to Convince Me to use Vim was Wrong,Yehuda Katz,TRUE,,http://yehudakatz.com/2010/07/29/everyone-who-tried-to-convince-me-to-use-vim-was-wrong/,2014-08-10 00:00:00 UTC
2014-07-10 10:38:32 UTC,Personal,Writing,Checking Your Work,Fred Wilson,FALSE,"When I write a blog post, I tend to write it as the idea forms in my brain. I write the whole thing out. And then I rewrite it. I go over every line and make sure the spelling and grammar are correct, I look at the phrasing. I consider the flow. I read it start to finish at least three or four times. I think about the whole and then each part. And I’ll cut out paragraphs, move things, rewrite parts, and mess with it for almost as long as it took me to write it in the first place.",http://avc.com/2014/07/checking-your-work/,2014-07-22 10:38:32 UTC